,zip_cd,single_dose_administered,all_doses_administered,fully_vaccinated,booster_dose_administered,eligible_population,clusters_pca,clusters_label
0,46001,334,13875,5237,2687,9433,2,Medium
1,46011,588,27172,9907,5661,16392,1,High
2,46012,634,28860,10495,5988,18671,1,High
3,46013,737,26996,10145,5417,15946,1,High
4,46016,707,18318,7251,3051,16904,1,High
5,46017,184,8687,3223,1762,5411,2,Medium
6,46030,111,4166,1579,831,2881,0,Low
7,46031,131,2950,1144,579,2460,0,Low
8,46032,2916,115988,40971,26167,48388,1,High
9,46033,2264,90089,31799,20615,36742,1,High
10,46034,358,11678,4353,2411,6230,2,Medium
11,46035,40,1362,533,252,1128,0,Low
12,46036,541,14506,5604,2746,11060,2,Medium
13,46037,2653,100276,36638,21897,39206,1,High
14,46038,2279,87488,32113,18895,40687,1,High
15,46039,22,715,273,133,494,0,Low
16,46040,810,29656,11187,6102,11423,1,High
17,46041,887,29402,11414,5300,20706,1,High
18,46044,87,3942,1496,773,2989,0,Low
19,46045,1,61,22,12,39,0,Low
20,46047,1,58,21,11,37,0,Low
21,46048,77,2383,933,424,1964,0,Low
22,46049,35,959,378,182,1057,0,Low
23,46050,79,2081,791,416,1968,0,Low
24,46051,111,3869,1484,762,2672,0,Low
25,46052,1043,33372,12811,6423,21312,1,High
26,46055,760,28362,10519,5892,11656,1,High
27,46056,101,3267,1244,664,2092,0,Low
28,46057,28,1123,423,223,1155,0,Low
29,46058,45,3318,1221,685,2353,0,Low
30,46060,1944,78001,29459,15440,38257,1,High
31,46062,1884,71950,26725,15155,32921,1,High
32,46063,7,372,138,81,521,0,Low
33,46064,688,29904,11198,6116,16288,1,High
34,46065,85,4499,1674,859,3225,0,Low
35,46068,108,3194,1227,621,2794,0,Low
36,46069,376,9639,3713,1939,6673,2,Medium
37,46070,76,2833,1069,575,2187,0,Low
38,46071,177,4143,1646,780,3001,0,Low
39,46072,337,12592,4729,2505,8052,2,Medium
40,46074,2218,90842,33177,19651,32189,1,High
41,46075,440,14637,5463,3075,5817,1,High
42,46076,47,1624,629,290,1373,0,Low
43,46077,2100,77553,27758,17503,27439,1,High
44,46103,5,335,128,60,155,0,Low
45,46104,22,1146,430,231,875,0,Low
46,46105,92,2180,842,433,1676,0,Low
47,46106,389,14208,5403,2821,6283,2,Medium
48,46107,593,18495,7025,3561,12301,2,Medium
49,46110,15,700,270,135,562,0,Low
50,46111,12,352,140,59,189,0,Low
51,46112,2392,75173,28404,15279,35534,1,High
52,46113,796,20932,8258,3752,14667,2,Medium
53,46115,85,2315,889,447,1846,0,Low
54,46117,21,843,313,175,772,0,Low
55,46118,195,6321,2435,1223,4833,0,Low
56,46120,432,6580,2663,1221,5083,0,Low
57,46121,229,6718,2611,1277,5131,0,Low
58,46122,733,25017,9568,4836,15305,2,Medium
59,46123,2120,75371,28358,15140,34504,1,High
60,46124,220,10144,3910,1796,8526,2,Medium
61,46125,2,86,32,17,55,0,Low
62,46126,209,6105,2355,1188,4609,0,Low
63,46127,12,463,170,98,287,0,Low
64,46128,106,2379,937,435,1798,0,Low
65,46130,106,3246,1244,652,2485,0,Low
66,46131,1120,47936,18099,9252,31210,1,High
67,46133,26,872,334,180,782,0,Low
68,46135,1119,24509,9451,4732,19584,1,High
69,46140,1633,65215,24348,13232,37973,1,High
70,46142,1576,54690,20261,11205,27783,1,High
71,46143,2740,102660,38787,20055,53551,1,High
72,46144,10,196,78,36,133,0,Low
73,46146,5,192,74,35,360,0,Low
74,46147,158,3496,1379,666,3045,0,Low
75,46148,144,6439,2417,1280,5214,0,Low
76,46149,88,2593,1013,494,1951,0,Low
77,46150,24,1088,414,216,1027,0,Low
78,46151,1565,40425,15525,7979,29577,1,High
79,46155,7,151,57,29,162,0,Low
80,46156,37,1489,549,304,1203,0,Low
81,46157,203,4820,1895,904,3650,0,Low
82,46158,1275,33612,12762,6827,21994,1,High
83,46160,206,7729,2911,1506,6021,2,Medium
84,46161,128,3340,1273,657,2457,0,Low
85,46162,29,800,300,167,314,0,Low
86,46163,681,23739,8817,5044,12271,1,High
87,46164,157,5668,2136,1130,3976,0,Low
88,46165,42,1908,722,372,1487,0,Low
89,46166,99,2064,834,367,2062,0,Low
90,46167,466,11335,4380,2260,6695,2,Medium
91,46168,1744,64892,24398,12646,33226,1,High
92,46171,74,2100,822,400,1703,0,Low
93,46172,125,2600,1024,505,2421,0,Low
94,46173,297,13599,5085,2675,9485,2,Medium
95,46175,12,550,208,106,566,0,Low
96,46176,1146,41143,15708,7793,25965,1,High
97,46180,34,1197,460,223,912,0,Low
98,46181,179,6868,2610,1344,4740,0,Low
99,46182,66,2640,973,541,1453,0,Low
100,46183,0,23,8,4,15,0,Low
101,46184,539,17606,6840,3291,13083,2,Medium
102,46186,48,2019,774,389,1580,0,Low
103,46201,1713,40766,15793,7416,28653,1,High
104,46202,1515,36881,13601,7730,19733,1,High
105,46203,1761,48521,18744,8913,35594,1,High
106,46204,1016,15784,6062,3151,8270,2,Medium
107,46205,1729,48166,17690,10304,25187,1,High
108,46208,1201,34502,12702,7132,21492,1,High
109,46214,1399,37677,14553,6809,22906,1,High
110,46216,150,4858,1709,1083,2263,2,Medium
111,46217,1573,57818,22010,11235,33893,1,High
112,46218,1221,36498,13940,6437,27070,1,High
113,46219,1822,56315,20950,11303,34348,1,High
114,46220,2366,77602,27412,17815,34302,1,High
115,46221,1455,32273,12997,5443,24832,1,High
116,46222,2096,46454,18671,7289,34319,1,High
117,46224,2421,53484,21428,8633,32887,1,High
118,46225,349,8340,3253,1501,5105,2,Medium
119,46226,1753,58981,22375,10575,41785,1,High
120,46227,2308,88047,33784,16181,50910,1,High
121,46228,793,30423,10930,6499,15193,1,High
122,46229,1188,40200,15347,7386,27001,1,High
123,46231,538,17055,6606,3171,9562,2,Medium
124,46234,1674,46559,17679,9259,25566,1,High
125,46235,1174,41868,16344,6895,30301,1,High
126,46236,1569,53516,19409,11438,26838,1,High
127,46237,1874,73995,27915,14473,36209,1,High
128,46239,1515,50097,19288,9620,27942,1,High
129,46240,1112,41538,14869,8979,19206,1,High
130,46241,1599,36994,14936,5897,29287,1,High
131,46250,967,35806,13041,7569,17537,1,High
132,46254,1847,58859,22689,10405,37033,1,High
133,46256,1313,46163,16390,10331,22477,1,High
134,46259,722,24561,9183,5138,10265,1,High
135,46260,1394,61583,22130,12744,31491,1,High
136,46268,1128,46632,17232,9315,23602,1,High
137,46278,672,20775,7221,4761,8364,1,High
138,46280,441,14758,5370,3177,6420,2,Medium
139,46290,8,540,167,128,187,0,Low
140,46301,35,1585,529,340,510,0,Low
141,46303,436,22568,8520,4224,13746,2,Medium
142,46304,1174,45920,16772,9555,23935,1,High
143,46307,2320,112459,41801,22382,59151,1,High
144,46310,507,17490,6655,3336,13143,2,Medium
145,46311,768,38394,13971,7767,20450,1,High
146,46312,1139,31604,12136,5680,26028,1,High
147,46319,678,25482,9538,4966,16264,2,Medium
148,46320,341,16460,6421,2597,12543,2,Medium
149,46321,828,49646,17259,10727,21355,1,High
150,46322,739,40168,14543,8250,21334,1,High
151,46323,737,28659,11078,4998,20903,1,High
152,46324,659,28566,10918,5075,20469,1,High
153,46327,304,13703,5327,2304,10730,2,Medium
154,46340,26,1620,592,323,694,0,Low
155,46341,381,14113,5318,2831,9632,2,Medium
156,46342,1264,45997,17315,8978,29059,1,High
157,46345,5,249,99,43,169,0,Low
158,46346,46,1295,520,220,1098,0,Low
159,46347,193,6098,2336,1217,4595,0,Low
160,46348,45,1344,504,272,950,0,Low
161,46349,66,3263,1252,592,3141,0,Low
162,46350,1795,63756,23932,12740,40187,1,High
163,46356,497,24367,9207,4659,16701,2,Medium
164,46360,1658,63625,23790,11937,40671,1,High
165,46365,38,1337,502,272,723,0,Low
166,46366,127,6154,2289,1239,5322,2,Medium
167,46368,1617,58423,22051,11335,36507,1,High
168,46371,136,5096,1919,1023,2969,0,Low
169,46373,662,30221,11019,6196,15423,1,High
170,46374,27,1175,442,244,745,0,Low
171,46375,888,43787,15705,9166,22521,1,High
172,46376,7,358,141,53,223,0,Low
173,46377,13,413,154,75,318,0,Low
174,46379,3,127,47,25,81,0,Low
175,46381,7,239,90,41,176,0,Low
176,46382,75,2888,1110,549,1684,0,Low
177,46383,2226,69170,25240,14565,39913,1,High
178,46385,1968,70319,25811,14833,37378,1,High
179,46390,139,3993,1523,798,3126,0,Low
180,46391,282,12052,4572,2334,9382,2,Medium
181,46392,314,8899,3459,1674,7294,2,Medium
182,46393,9,431,165,78,285,0,Low
183,46394,419,17594,6555,3365,11821,2,Medium
184,46402,168,5365,2022,949,5876,2,Medium
185,46403,412,14762,5359,2980,12468,2,Medium
186,46404,417,17542,6438,3390,16333,1,High
187,46405,425,13432,5265,2329,10200,2,Medium
188,46406,273,8700,3334,1584,8444,2,Medium
189,46407,239,10019,3801,1796,10022,2,Medium
190,46408,563,16122,6226,2933,14552,2,Medium
191,46409,179,6860,2636,1202,6818,2,Medium
192,46410,1195,55452,21078,10278,36044,1,High
193,46501,143,3737,1421,769,3387,0,Low
194,46502,2,91,34,18,58,0,Low
195,46504,122,3123,1207,618,3449,0,Low
196,46506,393,10746,4165,2044,8916,2,Medium
197,46507,401,10566,4045,2031,8839,2,Medium
198,46508,5,141,58,25,107,0,Low
199,46510,124,2841,1121,529,3688,2,Medium
200,46511,197,6914,2520,1285,4096,2,Medium
201,46514,1697,54429,20933,10004,38493,1,High
202,46516,1446,39416,15578,6632,28720,1,High
203,46517,1064,28933,11420,4972,24333,1,High
204,46524,40,1226,477,234,1954,0,Low
205,46526,862,48477,17633,9519,30886,1,High
206,46528,671,29135,11038,5507,25027,1,High
207,46530,1603,64010,22760,14136,29661,1,High
208,46531,28,1355,511,255,1560,0,Low
209,46532,51,1983,760,375,1469,0,Low
210,46534,392,12098,4628,2334,10977,2,Medium
211,46536,131,3889,1480,787,2960,0,Low
212,46537,25,526,208,93,418,0,Low
213,46538,190,5185,2000,990,3872,0,Low
214,46539,78,1900,761,343,2579,0,Low
215,46540,304,9339,3584,1821,10905,2,Medium
216,46542,91,3986,1536,734,3732,0,Low
217,46543,59,1614,624,317,3146,2,Medium
218,46544,1431,45355,16833,9203,29456,1,High
219,46545,1105,40292,14805,8160,23483,1,High
220,46550,308,8216,3194,1566,11683,1,High
221,46552,285,9699,3604,2004,6612,2,Medium
222,46553,90,3001,1180,534,2965,0,Low
223,46554,155,5571,2095,1113,4587,0,Low
224,46555,92,3189,1212,602,2344,0,Low
225,46556,242,13892,5223,2319,7272,2,Medium
226,46561,659,19507,7469,3833,12735,2,Medium
227,46562,191,4709,1870,844,4789,2,Medium
228,46563,835,30443,11296,6015,22265,1,High
229,46565,69,2883,1124,505,7630,1,High
230,46567,320,10625,4025,2060,8610,2,Medium
231,46570,36,947,369,176,815,0,Low
232,46571,30,1717,654,308,5046,2,Medium
233,46573,209,3734,1431,757,3472,0,Low
234,46574,240,9337,3474,1858,9020,2,Medium
235,46580,1038,27031,10528,5089,20762,1,High
236,46582,623,16760,6542,3148,12361,2,Medium
237,46590,215,5880,2227,1200,4799,0,Low
238,46595,5,80,29,18,122,0,Low
239,46601,487,7698,2987,1429,5348,2,Medium
240,46613,433,12304,4759,2141,10606,2,Medium
241,46614,1269,49383,17872,10493,28762,1,High
242,46615,648,21959,7954,4601,12892,2,Medium
243,46616,273,9348,3358,1969,4985,2,Medium
244,46617,625,21740,7807,4549,9139,1,High
245,46619,701,29136,11092,5309,20138,1,High
246,46628,943,38517,14108,7763,24377,1,High
247,46635,291,11626,4073,2553,5963,2,Medium
248,46637,879,30509,11198,6152,15288,1,High
249,46701,242,8509,3224,1672,7605,2,Medium
250,46702,121,2401,962,438,1988,0,Low
251,46703,425,25552,9255,5200,17170,2,Medium
252,46704,1,59,22,11,38,0,Low
253,46705,47,1674,655,304,1596,0,Low
254,46706,572,26508,9974,5279,17878,2,Medium
255,46710,140,5329,2042,1033,4000,0,Low
256,46711,243,6667,2517,1390,7691,2,Medium
257,46714,450,17541,6557,3446,14004,2,Medium
258,46721,126,4469,1743,799,4809,2,Medium
259,46723,185,9170,3443,1794,7487,2,Medium
260,46725,855,30652,11636,5990,21861,1,High
261,46730,42,1399,538,261,1015,0,Low
262,46731,18,681,268,122,685,0,Low
263,46732,75,2750,1059,492,2856,0,Low
264,46733,536,23134,8690,4650,17560,2,Medium
265,46737,131,9795,3462,2037,7075,2,Medium
266,46738,215,8928,3411,1656,7868,2,Medium
267,46740,90,2438,926,494,3400,2,Medium
268,46741,71,2939,1116,574,4218,2,Medium
269,46742,99,4508,1631,941,3162,0,Low
270,46743,46,2227,848,417,1998,0,Low
271,46745,69,2615,981,563,1953,0,Low
272,46746,73,3442,1376,546,4400,2,Medium
273,46747,63,2833,1061,553,2189,0,Low
274,46748,164,10909,4131,2121,4764,2,Medium
275,46750,1493,33216,12925,6402,25075,1,High
276,46755,555,18597,7018,3688,14240,2,Medium
277,46759,16,480,182,100,499,0,Low
278,46760,20,1368,520,254,1266,0,Low
279,46761,227,8857,3366,1683,11053,1,High
280,46763,56,2108,801,419,1744,0,Low
281,46764,53,1399,558,247,1297,0,Low
282,46765,152,8118,3098,1559,5329,2,Medium
283,46766,13,472,191,80,737,0,Low
284,46767,165,8489,3333,1375,7448,2,Medium
285,46770,131,3179,1238,640,2829,0,Low
286,46771,3,113,42,22,72,0,Low
287,46772,47,1630,637,303,2736,2,Medium
288,46773,82,4464,1686,842,3203,0,Low
289,46774,426,23228,8671,4642,15779,2,Medium
290,46776,39,1826,656,371,1662,0,Low
291,46777,175,8132,3039,1620,6134,2,Medium
292,46779,29,2255,834,444,1917,0,Low
293,46781,32,860,329,177,674,0,Low
294,46783,399,11202,4231,2315,6168,2,Medium
295,46784,82,2786,1034,555,2003,0,Low
296,46785,35,1413,538,280,1596,0,Low
297,46786,1,61,22,12,39,0,Low
298,46787,140,3937,1502,778,3640,0,Low
299,46788,84,3064,1179,589,3296,0,Low
300,46791,29,1012,391,200,748,0,Low
301,46792,132,4713,1768,947,3584,0,Low
302,46793,131,4705,1802,924,4362,0,Low
303,46794,30,1381,519,274,1603,0,Low
304,46795,155,6737,2467,1408,6215,2,Medium
305,46797,97,3831,1464,736,3522,0,Low
306,46798,36,1850,689,373,1430,0,Low
307,46799,12,484,185,87,206,0,Low
308,46802,525,13044,5067,2313,9768,2,Medium
309,46803,265,9749,3881,1468,8687,2,Medium
310,46804,1039,52043,18808,10933,26816,1,High
311,46805,678,31828,11958,6125,20280,1,High
312,46806,691,28916,11548,4323,22607,1,High
313,46807,554,22829,8707,4233,16019,2,Medium
314,46808,615,25611,9790,4700,18419,2,Medium
315,46809,256,11510,4323,2223,8744,2,Medium
316,46814,688,31859,11690,6684,11797,1,High
317,46815,658,42875,15867,8505,26408,1,High
318,46816,676,25460,10045,4160,17518,2,Medium
319,46818,651,32189,12258,6102,19442,1,High
320,46819,257,12624,4723,2446,9011,2,Medium
321,46825,795,46308,17124,9229,27441,1,High
322,46835,930,57194,21054,11460,33150,1,High
323,46845,790,51522,18876,10702,21729,1,High
324,46901,1588,42792,16556,8120,37007,1,High
325,46902,1322,47850,18005,9433,33341,1,High
326,46910,162,3480,1353,684,3116,0,Low
327,46911,31,1193,458,234,1299,0,Low
328,46913,27,1505,571,285,1035,0,Low
329,46914,61,4632,1704,970,1665,2,Medium
330,46915,18,822,311,158,646,0,Low
331,46917,47,1777,685,326,1660,0,Low
332,46919,44,2343,884,447,2274,0,Low
333,46920,26,1181,440,239,1028,0,Low
334,46922,0,28,10,5,18,0,Low
335,46923,200,9491,3621,1784,7658,2,Medium
336,46926,27,1504,582,274,1233,0,Low
337,46928,101,5354,2000,1038,4035,0,Low
338,46929,89,3418,1310,646,2858,0,Low
339,46930,6,216,81,38,113,0,Low
340,46931,14,283,113,49,181,0,Low
341,46932,114,3678,1410,720,2880,0,Low
342,46933,141,7033,2699,1286,5639,2,Medium
343,46936,232,6817,2634,1333,5583,2,Medium
344,46938,83,2822,1113,505,2847,0,Low
345,46939,64,2176,813,444,1673,0,Low
346,46940,72,2788,1060,531,2526,0,Low
347,46941,32,1144,437,228,905,0,Low
348,46943,14,138,66,10,215,0,Low
349,46946,1,53,20,10,34,0,Low
350,46947,1475,35317,14094,6173,26100,1,High
351,46950,22,629,248,125,551,0,Low
352,46951,66,1969,770,351,1790,0,Low
353,46952,453,25230,9255,4980,17593,2,Medium
354,46953,444,21953,8245,4067,21989,1,High
355,46957,12,534,201,102,552,0,Low
356,46958,15,508,189,99,442,0,Low
357,46959,36,196,73,40,838,0,Low
358,46960,31,1394,522,264,1033,0,Low
359,46961,7,72,30,14,169,0,Low
360,46962,376,11406,4157,2328,8490,2,Medium
361,46967,3,143,53,28,91,0,Low
362,46968,4,128,52,20,114,0,Low
363,46970,537,23037,8942,4023,22382,1,High
364,46974,65,1552,612,277,1999,0,Low
365,46975,563,15617,5884,3136,13632,2,Medium
366,46978,64,2106,819,407,2035,0,Low
367,46979,225,6185,2442,1143,4747,0,Low
368,46982,104,2360,928,421,2478,0,Low
369,46984,7,369,133,77,177,0,Low
370,46985,21,1406,527,278,1374,0,Low
371,46986,33,2103,798,402,1589,0,Low
372,46987,28,1222,463,221,845,0,Low
373,46988,18,702,286,118,901,0,Low
374,46989,130,4842,1839,932,4746,2,Medium
375,46990,21,692,265,133,707,0,Low
376,46991,44,1646,640,301,1537,0,Low
377,46992,527,18869,7236,3519,15337,2,Medium
378,46994,99,2705,1039,541,2607,0,Low
379,46996,167,9010,3339,1813,5913,2,Medium
380,46998,9,101,38,19,226,0,Low
381,47001,435,12944,4852,2540,9656,2,Medium
382,47003,54,1001,397,187,765,0,Low
383,47006,322,18875,6920,3966,11049,2,Medium
384,47010,13,325,125,66,180,0,Low
385,47011,51,840,331,169,757,0,Low
386,47012,332,11914,4498,2332,8892,2,Medium
387,47016,24,1067,410,190,774,0,Low
388,47017,31,647,249,130,481,0,Low
389,47018,251,4944,1897,992,4160,0,Low
390,47020,32,992,371,197,1237,0,Low
391,47022,104,4110,1562,803,2921,0,Low
392,47023,43,1632,612,329,1536,0,Low
393,47024,90,2125,844,381,3369,2,Medium
394,47025,909,32085,12075,6241,21368,1,High
395,47030,30,1331,523,238,1954,0,Low
396,47031,184,5866,2234,1161,5181,2,Medium
397,47032,117,3777,1445,714,2968,0,Low
398,47034,5,192,71,36,127,0,Low
399,47035,7,280,107,55,246,0,Low
400,47036,32,1831,630,387,824,0,Low
401,47037,117,4288,1649,798,4231,2,Medium
402,47038,62,1095,417,221,1617,0,Low
403,47040,338,6938,2604,1455,4871,0,Low
404,47041,170,6722,2567,1303,6375,2,Medium
405,47042,197,4762,1817,942,3940,0,Low
406,47043,160,5587,2098,1068,5012,2,Medium
407,47060,234,8601,3332,1597,5679,2,Medium
408,47102,378,7373,2903,1373,6495,2,Medium
409,47104,0,0,0,0,0,0,Low
410,47106,319,6470,2491,1261,4694,0,Low
411,47108,98,2453,960,450,2242,0,Low
412,47110,22,422,174,68,374,0,Low
413,47111,1114,23752,9287,4437,16166,2,Medium
414,47112,950,23713,8996,4610,15797,2,Medium
415,47114,24,558,219,101,311,0,Low
416,47115,113,3259,1227,650,2802,0,Low
417,47116,13,816,293,165,674,0,Low
418,47117,229,5761,2191,1106,4222,0,Low
419,47118,154,3922,1486,757,3192,0,Low
420,47119,796,21331,7948,4417,11094,1,High
421,47120,35,1150,440,205,665,0,Low
422,47122,571,17805,6663,3578,10124,2,Medium
423,47123,6,245,86,51,106,0,Low
424,47124,259,7604,2869,1495,4759,2,Medium
425,47125,86,1964,760,374,1435,0,Low
426,47126,319,6152,2386,1197,4349,0,Low
427,47129,919,27639,10647,4761,18369,1,High
428,47130,2756,72658,27426,13778,43531,1,High
429,47135,57,1469,552,293,894,0,Low
430,47136,219,7177,2685,1421,4109,2,Medium
431,47137,62,1866,695,378,1443,0,Low
432,47138,214,5202,1996,1009,4278,0,Low
433,47140,123,3188,1211,616,2444,0,Low
434,47141,104,1862,754,351,1455,0,Low
435,47142,46,881,365,145,982,0,Low
436,47143,252,4876,1913,933,2809,0,Low
437,47145,79,2628,970,520,1829,0,Low
438,47147,35,1359,515,276,1164,0,Low
439,47150,2699,75093,27982,14618,45326,1,High
440,47160,11,235,97,39,103,0,Low
441,47161,184,4772,1849,889,3119,0,Low
442,47162,34,1038,407,196,709,0,Low
443,47163,101,1941,751,387,1188,0,Low
444,47164,153,4678,1761,901,3915,0,Low
445,47165,327,6897,2722,1244,5832,2,Medium
446,47166,45,1964,733,398,1515,0,Low
447,47167,732,18963,7297,3564,13975,2,Medium
448,47170,810,19420,7382,3781,14018,2,Medium
449,47172,1429,30795,11837,5907,16629,1,High
450,47175,46,1101,413,226,969,0,Low
451,47177,70,1652,633,323,1122,0,Low
452,47201,1571,79147,28858,15786,41822,1,High
453,47203,781,50048,17587,10805,25029,1,High
454,47220,431,7435,2934,1505,5397,0,Low
455,47223,39,1473,575,268,922,0,Low
456,47224,15,471,185,96,463,0,Low
457,47226,13,258,100,49,246,0,Low
458,47227,57,1598,612,290,2039,0,Low
459,47229,197,3664,1460,704,3091,0,Low
460,47230,107,2234,868,438,1408,0,Low
461,47231,44,1193,461,217,809,0,Low
462,47232,79,3561,1308,707,3129,0,Low
463,47234,46,1780,682,347,1402,0,Low
464,47235,76,2224,865,413,1465,0,Low
465,47240,775,28258,10614,5688,20442,1,High
466,47243,284,6851,2611,1360,5599,2,Medium
467,47244,15,925,343,195,688,0,Low
468,47246,110,6021,2196,1232,4382,0,Low
469,47247,9,200,79,36,179,0,Low
470,47250,1126,31947,11919,6528,20786,1,High
471,47260,104,1780,716,332,1593,0,Low
472,47263,5,192,79,27,250,0,Low
473,47264,78,1425,576,258,1165,0,Low
474,47265,723,23406,9039,4237,19040,1,High
475,47270,35,797,312,161,530,0,Low
476,47272,68,2314,894,440,2044,0,Low
477,47273,77,2252,873,417,1980,0,Low
478,47274,1584,43989,17151,8018,29114,1,High
479,47280,27,1166,430,228,905,0,Low
480,47281,80,1877,735,375,1161,0,Low
481,47282,11,520,186,103,282,0,Low
482,47283,121,4061,1538,784,3006,0,Low
483,47302,846,30839,11779,5803,24394,1,High
484,47303,624,28811,10978,5381,23887,1,High
485,47304,860,53507,19004,11432,30469,1,High
486,47305,157,4171,1597,775,3285,0,Low
487,47306,16,586,237,87,5096,2,Medium
488,47320,91,5809,2112,1205,3512,0,Low
489,47324,10,110,46,20,137,0,Low
490,47325,25,771,280,157,618,0,Low
491,47326,28,1231,453,249,1917,0,Low
492,47327,178,4943,1889,966,4241,0,Low
493,47330,215,7046,2684,1396,4880,0,Low
494,47331,601,24830,9410,4770,21192,1,High
495,47334,110,4497,1693,916,3061,0,Low
496,47335,29,768,304,135,670,0,Low
497,47336,85,4216,1560,852,3044,0,Low
498,47337,5,224,84,42,117,0,Low
499,47338,62,3139,1191,592,2596,0,Low
500,47339,22,766,295,146,493,0,Low
501,47340,70,3577,1326,719,2823,0,Low
502,47341,113,2395,955,444,2267,0,Low
503,47342,85,3423,1288,686,2484,0,Low
504,47344,4,102,42,13,108,0,Low
505,47345,55,1439,550,294,1360,0,Low
506,47346,149,4919,1848,971,3663,0,Low
507,47348,217,11650,4363,2327,8688,2,Medium
508,47351,16,533,209,97,482,0,Low
509,47352,22,1217,465,216,818,0,Low
510,47353,253,6696,2532,1346,5245,0,Low
511,47354,26,1357,491,282,1035,0,Low
512,47355,63,2794,1048,556,2620,0,Low
513,47356,200,7642,2890,1509,5037,2,Medium
514,47357,52,1337,511,265,787,0,Low
515,47358,18,1063,403,214,1003,0,Low
516,47359,54,2735,1049,534,2858,0,Low
517,47360,51,1877,717,378,1236,0,Low
518,47361,11,362,141,66,212,0,Low
519,47362,732,41516,15630,7961,28417,1,High
520,47367,2,89,33,17,57,0,Low
521,47368,65,3819,1381,784,2707,0,Low
522,47369,39,1075,413,203,1234,0,Low
523,47371,298,13395,4899,2716,11369,2,Medium
524,47373,52,2337,858,467,2256,0,Low
525,47374,1900,61373,22787,12288,42950,1,High
526,47380,38,1876,715,362,1446,0,Low
527,47381,6,87,35,16,114,0,Low
528,47382,9,183,70,35,227,0,Low
529,47383,75,3926,1458,808,3066,0,Low
530,47384,60,2392,934,449,1944,0,Low
531,47385,51,2021,778,381,1228,0,Low
532,47386,24,1583,582,322,1150,0,Low
533,47387,21,824,326,141,656,0,Low
534,47388,22,447,174,91,318,0,Low
535,47390,163,5364,1981,1047,4634,0,Low
536,47393,55,1519,582,296,1718,0,Low
537,47394,196,10508,3835,2118,7797,2,Medium
538,47396,243,12399,4560,2606,6486,2,Medium
539,47401,1969,88018,30489,19621,41533,1,High
540,47403,1507,55446,20429,11408,31270,1,High
541,47404,1104,37606,13839,7676,22756,1,High
542,47405,14,366,140,58,3697,2,Medium
543,47406,112,3728,1482,430,3945,2,Medium
544,47408,878,38285,13772,7745,24986,1,High
545,47420,10,231,86,45,439,0,Low
546,47421,1615,36876,14198,7182,26049,1,High
547,47424,417,12321,4671,2445,8564,2,Medium
548,47427,45,1001,386,196,662,0,Low
549,47429,339,13185,4887,2731,8776,2,Medium
550,47431,56,1609,602,326,1430,0,Low
551,47432,175,6216,2338,1239,4188,0,Low
552,47433,164,4616,1758,895,3922,0,Low
553,47434,0,0,0,0,0,0,Low
554,47436,111,1877,737,379,1367,0,Low
555,47437,6,62,23,12,155,0,Low
556,47438,125,5089,1955,939,4159,0,Low
557,47441,276,12488,4665,2450,8713,2,Medium
558,47443,24,1381,515,266,1215,0,Low
559,47446,493,11728,4493,2338,9687,2,Medium
560,47448,226,13746,4728,2980,7147,2,Medium
561,47449,20,657,243,138,372,0,Low
562,47451,69,1483,586,277,1034,0,Low
563,47452,195,5877,2263,1140,4876,0,Low
564,47453,19,533,201,108,671,0,Low
565,47454,295,10356,3848,2036,6748,2,Medium
566,47455,3,119,44,23,76,0,Low
567,47456,65,1393,539,290,1295,0,Low
568,47457,7,39,16,8,179,0,Low
569,47458,2,91,34,18,58,0,Low
570,47459,122,4571,1731,896,3370,0,Low
571,47460,475,15028,5603,3036,10350,2,Medium
572,47462,303,6057,2380,1164,4531,0,Low
573,47464,11,246,101,41,196,0,Low
574,47465,27,846,327,152,501,0,Low
575,47467,4,41,16,8,107,0,Low
576,47468,58,2417,844,558,1485,0,Low
577,47469,72,2185,819,453,1734,0,Low
578,47470,75,1556,612,285,1463,0,Low
579,47471,82,2895,1097,564,2519,0,Low
580,47501,1199,20144,8058,3634,16710,1,High
581,47512,113,3934,1515,727,3890,0,Low
582,47513,96,2463,953,485,1943,0,Low
583,47514,39,2739,1008,615,1556,0,Low
584,47515,33,1014,383,208,848,0,Low
585,47516,52,1628,630,305,1057,0,Low
586,47519,16,410,159,81,843,0,Low
587,47520,110,4326,1592,866,2661,0,Low
588,47521,48,1348,516,290,664,0,Low
589,47522,12,277,111,43,393,0,Low
590,47523,124,4506,1730,834,3149,0,Low
591,47524,11,580,229,99,531,0,Low
592,47525,13,694,252,138,281,0,Low
593,47527,67,2306,890,454,1761,0,Low
594,47528,13,733,263,153,480,0,Low
595,47529,44,948,379,178,1105,0,Low
596,47531,41,1340,506,262,915,0,Low
597,47532,155,7113,2653,1451,4114,2,Medium
598,47535,12,674,246,132,720,0,Low
599,47536,0,0,0,0,0,0,Low
600,47537,38,1053,390,217,848,0,Low
601,47541,66,1645,627,341,1134,0,Low
602,47542,610,13489,5308,2593,9413,2,Medium
603,47546,1321,35341,13416,7297,20107,1,High
604,47550,33,1022,389,204,521,0,Low
605,47551,22,883,326,182,867,0,Low
606,47552,10,248,96,49,270,0,Low
607,47553,411,7884,3145,1467,8116,2,Medium
608,47557,36,1448,550,272,1480,0,Low
609,47558,125,1871,752,371,3899,2,Medium
610,47561,150,1837,749,316,1546,0,Low
611,47562,128,3688,1402,724,4365,2,Medium
612,47564,51,1582,608,321,1188,0,Low
613,47567,133,6959,2643,1288,5908,2,Medium
614,47568,45,835,340,141,787,0,Low
615,47574,9,294,103,60,213,0,Low
616,47575,50,1422,542,298,920,0,Low
617,47576,15,498,194,99,309,0,Low
618,47577,36,1607,600,312,1181,0,Low
619,47578,18,878,331,182,687,0,Low
620,47579,135,4397,1648,883,2423,0,Low
621,47580,7,388,148,84,406,0,Low
622,47581,172,3675,1450,692,3497,0,Low
623,47584,5,153,57,29,129,0,Low
624,47585,14,462,179,86,742,0,Low
625,47586,455,18211,6566,3770,10231,2,Medium
626,47588,20,904,331,182,595,0,Low
627,47590,14,759,296,139,413,0,Low
628,47591,894,34137,12913,6353,23863,1,High
629,47596,3,111,41,22,71,0,Low
630,47597,27,1077,410,193,835,0,Low
631,47598,107,3333,1270,631,2754,0,Low
632,47601,299,20713,7716,4000,13197,2,Medium
633,47610,140,7738,2892,1488,5128,2,Medium
634,47611,43,1602,591,319,1399,0,Low
635,47612,18,1173,436,226,657,0,Low
636,47613,78,3937,1489,766,3057,0,Low
637,47615,59,1889,710,392,1738,0,Low
638,47616,6,458,168,95,261,0,Low
639,47619,38,2385,877,492,1625,0,Low
640,47620,223,19437,7110,3878,12530,2,Medium
641,47630,763,72325,26068,14948,33965,1,High
642,47631,21,3241,1149,670,2113,0,Low
643,47633,42,3644,1332,716,2241,0,Low
644,47634,80,2835,1067,585,2183,0,Low
645,47635,198,7178,2591,1525,5200,0,Low
646,47637,35,1851,694,356,1259,0,Low
647,47638,69,5344,1991,1055,3211,0,Low
648,47639,86,7456,2775,1473,3900,2,Medium
649,47640,27,1068,395,210,1034,0,Low
650,47648,148,6324,2372,1210,3953,0,Low
651,47649,38,1616,601,313,1434,0,Low
652,47654,4,144,54,28,92,0,Low
653,47660,104,5789,2135,1148,4599,0,Low
654,47665,110,4338,1663,808,3538,0,Low
655,47666,58,1787,678,341,1669,0,Low
656,47670,455,15893,5989,2923,11309,2,Medium
657,47683,10,19,6,6,235,0,Low
658,47708,47,1152,428,220,445,0,Low
659,47710,476,25746,9567,4826,17834,2,Medium
660,47711,979,49418,18217,9823,30334,1,High
661,47712,473,36369,13394,7222,25489,1,High
662,47713,307,13245,5031,2402,9478,2,Medium
663,47714,658,45978,17144,8722,32245,1,High
664,47715,639,50063,18049,10168,24589,1,High
665,47720,319,28701,10361,5863,16734,1,High
666,47725,442,36039,13167,7359,16260,1,High
667,47802,1242,46503,17431,9024,32617,1,High
668,47803,843,34699,12580,7219,19839,1,High
669,47804,362,12937,4912,2418,10825,2,Medium
670,47805,478,18107,6858,3547,11873,2,Medium
671,47807,484,11486,4590,1866,11322,2,Medium
672,47809,109,412,169,38,2516,2,Medium
673,47832,39,973,370,200,985,0,Low
674,47833,69,1184,466,234,761,0,Low
675,47834,841,22354,8757,4160,18009,1,High
676,47836,0,0,0,0,0,0,Low
677,47837,42,1172,457,215,984,0,Low
678,47838,104,5190,2075,893,3659,0,Low
679,47840,55,1677,653,313,1711,0,Low
680,47841,145,2357,928,485,2127,0,Low
681,47842,475,12939,4928,2530,9058,2,Medium
682,47846,16,725,274,145,532,0,Low
683,47847,49,1081,415,213,1138,0,Low
684,47848,75,2122,821,393,1580,0,Low
685,47849,23,547,212,104,479,0,Low
686,47850,84,3051,1153,600,2082,0,Low
687,47853,9,312,116,66,115,0,Low
688,47854,34,949,374,184,586,0,Low
689,47855,24,641,248,117,484,0,Low
690,47857,11,583,213,113,408,0,Low
691,47858,14,630,238,113,699,0,Low
692,47859,30,756,301,134,890,0,Low
693,47860,13,231,93,46,402,0,Low
694,47861,31,605,234,125,563,0,Low
695,47862,73,1521,594,289,1302,0,Low
696,47863,8,229,85,48,294,0,Low
697,47865,2,86,32,17,55,0,Low
698,47866,12,604,223,126,587,0,Low
699,47868,137,2597,1036,486,2968,0,Low
700,47869,5,158,61,28,124,0,Low
701,47871,13,250,99,50,293,0,Low
702,47872,328,9722,3742,1888,8221,2,Medium
703,47874,113,3734,1437,732,3104,0,Low
704,47876,9,888,260,212,348,0,Low
705,47879,120,3353,1315,593,3369,0,Low
706,47880,3,122,45,24,78,0,Low
707,47881,18,368,151,61,321,0,Low
708,47882,466,11247,4346,2148,7367,2,Medium
709,47884,8,329,122,56,185,0,Low
710,47885,325,11323,4302,2217,8501,2,Medium
711,47901,144,5798,2109,1129,3467,0,Low
712,47904,433,21476,8070,3897,16284,2,Medium
713,47905,1113,68116,24752,13709,38998,1,High
714,47906,1791,136561,48843,27548,74443,1,High
715,47907,0,0,0,0,0,0,Low
716,47909,1153,63622,23788,12304,39476,1,High
717,47916,1,59,22,11,38,0,Low
718,47917,37,465,180,98,445,0,Low
719,47918,260,7236,2783,1400,5383,0,Low
720,47920,77,4424,1613,928,2123,2,Medium
721,47921,90,1375,565,247,1010,0,Low
722,47922,55,1716,657,323,1423,0,Low
723,47923,125,5328,1992,1057,3040,0,Low
724,47924,7,175,65,31,162,0,Low
725,47925,9,295,108,64,123,0,Low
726,47926,24,1071,405,198,1440,0,Low
727,47928,51,1573,627,277,1894,0,Low
728,47929,33,958,359,203,594,0,Low
729,47930,28,1417,532,270,1211,0,Low
730,47932,146,5425,2060,983,5027,2,Medium
731,47933,901,36035,13652,6809,25996,1,High
732,47940,44,1624,620,321,1617,0,Low
733,47941,26,1865,683,367,1335,0,Low
734,47942,20,776,286,158,678,0,Low
735,47943,66,1071,445,179,999,0,Low
736,47944,110,4791,1814,965,3192,0,Low
737,47946,52,2187,817,426,2072,0,Low
738,47948,37,1346,516,243,1408,0,Low
739,47949,43,1257,488,233,1120,0,Low
740,47950,30,829,319,159,846,0,Low
741,47951,36,2481,905,498,2043,0,Low
742,47952,64,2271,884,404,2794,0,Low
743,47954,56,2331,914,418,2249,0,Low
744,47955,29,1292,495,246,934,0,Low
745,47957,35,1666,626,323,1716,0,Low
746,47958,8,134,56,24,137,0,Low
747,47959,74,2953,1148,508,2781,0,Low
748,47960,506,20974,7827,4166,13897,2,Medium
749,47963,46,2246,833,454,1971,0,Low
750,47964,6,96,36,20,106,0,Low
751,47965,13,604,239,104,588,0,Low
752,47966,17,461,178,86,343,0,Low
753,47967,24,861,330,158,617,0,Low
754,47968,29,1060,403,208,971,0,Low
755,47969,4,149,55,29,95,0,Low
756,47970,55,2511,950,476,1726,0,Low
757,47971,50,2623,985,518,1873,0,Low
758,47974,38,879,356,143,1131,0,Low
759,47975,27,1041,377,223,611,0,Low
760,47977,79,2607,987,500,2220,0,Low
761,47978,562,12704,4858,2505,10712,2,Medium
762,47980,32,1344,507,257,955,0,Low
763,47981,24,1103,410,213,1052,0,Low
764,47982,6,98,39,12,160,0,Low
765,47983,7,408,156,75,280,0,Low
766,47987,114,3480,1355,649,3806,2,Medium
767,47989,39,1127,431,218,1288,0,Low
768,47990,31,1820,700,347,1837,0,Low
769,47991,25,1107,415,213,893,0,Low
770,47992,42,2130,770,439,1327,0,Low
771,47993,144,4396,1678,859,3502,0,Low
772,47994,20,538,213,96,296,0,Low
773,47995,54,1890,733,352,1516,0,Low
774,47997,5,104,37,19,122,0,Low
